Team,Division,Team Name,Organization,City,State,Country
10B,Math,Exothermic Blaze,Exothermic Robotics,Redmond,Washington,United States
10C,Technology,Exothermic Creation,Exothermic Robotics,Redmond,Washington,United States
10D,Science,Exothermic Dusk,Exothermic Robotics,Redmond,Washington,United States
10N,Engineering,Exothermic Nexus,Exothermic Robotics,Redmond,Washington,United States
10T,Arts,Exothermic Titans,Exothermic Robotics,Redmond,Washington,United States
12A,Innovate,Puzzles!,The Potomac School,McLean,Virginia,United States
12H,Spirit,Happy Haystacks,The Potomac School,McLean,Virginia,United States
25K,Design,Team 25K!,25K Robotics,Markham,Ontario,Canada
39B,Research,Gogli,CRANBROOK SCHOOLS,Bloomfield Hills,Michigan,United States
39E,Opportunity,AAF,CRANBROOK SCHOOLS,Bloomfield Hills,Michigan,United States
39K,Math,Rest in Pieces,CRANBROOK SCHOOLS,Bloomfield Hills,Michigan,United States
39U,Technology,Doraemon,CRANBROOK SCHOOLS,Bloomfield Hills,Michigan,United States
39V,Science,Chewsday innit?,CRANBROOK SCHOOLS,Bloomfield Hills,Michigan,United States
39Y,Engineering,Yolt,CRANBROOK SCHOOLS,Bloomfield Hills,Michigan,United States
56H,Arts,Cape Robotics H,Cape Elizabeth High School,Cape Elizabeth,Maine,United States
56R,Innovate,FrostByte,Cape Elizabeth High School,Cape Elizabeth,Maine,United States
58A,Spirit,Dream Rover,5D college,chatswood,,Australia
81P,Design,VEXMEN: Pandemic,Brandywine Robotics Inc.,Chester Springs,Pennsylvania,United States
81Y,Research,VEXMEN: Cypher,Brandywine Robotics Inc.,Chester Springs,Pennsylvania,United States
81Z,Opportunity,VEXMEN: Zero,Brandywine Robotics,Chester Springs,Pennsylvania,United States
85A,Math,Chassis Kickers,Mount Vernon CSD,Mount Vernon,Iowa,United States
100A,Technology,Jugglenauts,Apogee Robotics,Bunker Hill,Indiana,United States
108A,Science,Flare,Independent,Troy,Michigan,United States
119A,Engineering,Inflection,ST BERNARD SCHOOL,Uncasville,Connecticut,United States
151T,Arts,Basement Dwellers,Basement Robotics,Austin,Texas,United States
154D,Innovate,Da Capybaras,GAR-FIELD HIGH,Woodbridge,Virginia,United States
169A,Spirit,The Cavalry,THE HAVERFORD SCHOOL,Haverford,Pennsylvania,United States
183A,Design,Synobotz,Carroll Educational Robotics,Westminster,Maryland,United States
197D,Research,Daedalus,Harriton Senior High School,Rosemont,Pennsylvania,United States
210W,Opportunity,Enter Kardon,Western Mechatronics,Calgary,Alberta,Canada
210Z,Math,Eclipse,Western Mechatronics,Calgary,Alberta,Canada
228A,Technology,Team Fuego,"Gus Robotics Team, Inc.",Meriden,Connecticut,United States
229V,Science,ACE Robotics,ACE Robotics,Tavares,Florida,United States
231W,Engineering,High Voltage,DR KIRK LEWIS CAREER AND TECHNICAL HIGH SCHOOL,HOUSTON,Texas,United States
248A,Arts,RoboDawgs: Vulcan,Grandville Robotics,Grandville,Michigan,United States
248D,Innovate,RoboDawgs: Differential,Grandville Robotics,Grandville,Michigan,United States
248E,Spirit,RoboDawgs: On ICE!!!,Grandville Robotics,Grandville,Michigan,United States
254F,Design,The Cheesy Poofs,Bellarmine College Preparatory,San Jose,California,United States
255F,Research,Norristown Robotics - F,NORRISTOWN AREA HIGH SCHOOL,Norristown,Pennsylvania,United States
285X,Opportunity,DiscoBots X,Carnegie Vanguard HS,Houston,Texas,United States
285Z,Math,DiscoBots Zephyr,Carnegie Vanguard HS,Houston,Texas,United States
293X,Technology,Eon,Echo Robotics,Malvern,Pennsylvania,United States
293Z,Science,Equinox,Echo Robotics,Malvern,Pennsylvania,United States
295S,Engineering,PART S,Placer Advanced Robotics and Technology,Granite Bay,California,United States
295Y,Arts,[PART]Y,Placer Advanced Robotics and Technology,Granite Bay,California,United States
315H,Innovate,Paradigm,Paradigm,Foster City,California,United States
315K,Spirit,Paradigm,Paradigm,Redwood City,California,United States
315N,Design,Paradigm,Paradigm,Cupertino,California,United States
315S,Research,Paradigm,Paradigm,Monte Sereno,California,United States
315V,Opportunity,Paradigm,Paradigm,Saratoga,California,United States
315Y,Math,Paradigm,Paradigm,Cupertino,California,United States
319K,Technology,Kodiak,,Redding,California,United States
321A,Science,321A,NILES WEST HIGH SCHOOL,Skokie,Illinois,United States
321C,Engineering,321C,NILES WEST HIGH SCHOOL,Skokie,Illinois,United States
323N,Arts,BIONICS,Cornerstone Robotics,Greenwood,Indiana,United States
323S,Innovate,Short Circuit,Cornerstone Robotics,Indianapolis,Indiana,United States
323V,Spirit,GEARS,Cornerstone Robotics,Martinsville,Indiana,United States
330Z,Design,G1,G1,Irvine,California,United States
333G,Research,G Men,Niles North 333 Robotics,Skokie,Illinois,United States
333R,Opportunity,Los Robos,Niles North 333 Robotics,Skokie,Illinois,United States
334F,Math,Supernova Fingers Crossed,SCIENCE ACADEMY STEM MAGNET,North Hollywood,California,United States
334Z,Technology,Supernova ZZZZZZzzzz……,SCIENCE ACADEMY STEM MAGNET,North Hollywood,California,United States
338A,Science,Iterated,High Caliber Robotics,Louisville,Kentucky,United States
343X,Engineering,Chris,ST ALBANS SCHOOL,Washington,District of Columbia,United States
344R,Arts,Red Rovers,SCARBOROUGH HIGH SCHOOL,Scarborough,Maine,United States
344Z,Innovate,Zero Brain Cells,SCARBOROUGH HIGH SCHOOL,Scarborough,Maine,United States
355V,Spirit,Orange Mambas,Fox Valley Robotics,Batavia,Illinois,United States
355Y,Design,Loose Screws,Fox Valley Robotics,Batavia,Illinois,United States
359B,Research,Hawaiian Kids,Waialua High & Intermediate School,Waialua,Hawaii,United States
360X,Opportunity,Vangatriots,,Point,Texas,United States
392X,Math,SpeedZappers,SpeedZappers,San Jose,California,United States
393B,Technology,Legacy Robotics,Legacy Magnet Academy,Tustin,California,United States
400B,Science,Out of sizing,BALL HIGH SCHOOL,Galveston,Texas,United States
421H,Engineering,Indian Hill Robotics Club,INDIAN HILL HIGH SCHOOL,Cincinnati,Ohio,United States
424B,Arts,BHS Blue,BAKERSFIELD HIGH,Bakersfield,California,United States
464D,Innovate,FH Robotics D,FOREST HILLS JSHS,Sidman,Pennsylvania,United States
488A,Spirit,Tencent Dreaming Plan Robot 488A,"Shenzhen Tencent Computer System Co., Ltd.",GuangDong,Guangdong,China
502W,Design,WonTon,"SD41 Mechatronics, Burnaby",Burnaby,British Columbia,Canada
507A,Research,Mustang Robotics,Otay Ranch High School,Chula Vista,California,United States
507B,Opportunity,Mustang Robotics 507B,Otay Ranch High School,Chula Vista,California,United States
508T,Math,PiraTech's,Palm Bay Magnet HS,Melbourne,Florida,United States
515R,Technology,Revision,Logan and Ben Robotics Club,Union,Kentucky,United States
536C,Science,Life,XAVIER HIGH SCHOOL,Appleton,Wisconsin,United States
550A,Engineering,AHS Robotics,APOPKA HIGH,Apopka,Florida,United States
550C,Arts,AHS Robotics,APOPKA HIGH,Apopka,Florida,United States
550G,Innovate,AHS Robotics,APOPKA HIGH,Apopka,Florida,United States
550X,Spirit,AHS Robotics,APOPKA HIGH,Apopka,Florida,United States
603B,Design,I Don't Know,BELMONT HIGH SCHOOL,Belmont,New Hampshire,United States
604X,Research,Robo-Titan,Western Pacific Robotics Academy,Richmond,British Columbia,Canada
606X,Opportunity,VEX HEX,VEX HEX,Tucson,Arizona,United States
614A,Math,Salamander Army,Under the GUI - Kitsilano,Vancouver,British Columbia,Canada
621A,Technology,SFS Stands For Something,Marion County STEM 4-H Club,Indianapolis,Indiana,United States
621B,Science,DinoNerdz,Marion County STEM 4 H Club,Indianapolis,Indiana,United States
643A,Engineering,Go Bananas,OAK MOUNTAIN HIGH SCHOOL,Birmingham,Alabama,United States
643T,Arts,Kachow!,OAK MOUNTAIN HIGH SCHOOL,Birmingham,Alabama,United States
654A,Innovate,Omnitron,LAKE TRAVIS HIGH SCHOOL,Austin,Texas,United States
654X,Spirit,Parallax,LAKE TRAVIS HIGH SCHOOL,Austin,Texas,United States
675A,Design,Robodragons Alpha,Gwinnett School Of Mathematics- Science And Technology,Lawrenceville,Georgia,United States
719E,Research,Explosive Engineers,BENTONVILLE WEST HIGH SCHOOL,CENTERTON,Arkansas,United States
719S,Opportunity,Hort,BENTONVILLE WEST HIGH SCHOOL,CENTERTON,Arkansas,United States
719W,Math,Wired Wolverines,BENTONVILLE WEST HIGH SCHOOL,CENTERTON,Arkansas,United States
725K,Technology,Kronos,Private,South Barrington,Illinois,United States
727G,Science,Terrapin Gold,Tampa Preparatory School,Tampa,Florida,United States
729S,Engineering,Scitus,Downingtown Robotics,Chester Springs,Pennsylvania,United States
739B,Arts,Men In black,KIMBALL SECONDARY,Kimball,Minnesota,United States
742A,Innovate,PerryBoticsA,PerryBotics,Downey,California,United States
750B,Spirit,Blitz,SOUTH BRUNSWICK HIGH SCHOOL,Monmouth Junction,New Jersey,United States
765X,Design,FuryTech Xenon,HIGH TECHNOLOGY HIGH SCHOOL,Lincroft,New Jersey,United States
832A,Research,// Caution Tape West //,Caution Tape Robotics ////,Oakville,Ontario,Canada
884B,Opportunity,Space Pandas,MBX Foundation,Manhattan Beach,California,United States
920B,Math,SLO - Botics,San Luis Obispo High School,San Luis Obispo,California,United States
929N,Technology,RagingBulls,Hereford High School,Parkton,Maryland,United States
929S,Science,Hereford Zone Robotics,HEREFORD HIGH,Parkton,Maryland,United States
929V,Engineering,Hereford Zone Robotics,Hereford High School,Parkton,Maryland,United States
937X,Arts,Aurora,Private,Chandler,Arizona,United States
945V,Innovate,Low Expectations,GREEN VALLEY HIGH SCHOOL,Henderson,Nevada,United States
946R,Spirit,Rock Lobsters,Better With Butter,Erie,Colorado,United States
948J,Design,Limitless,Limitless Robotics,San Diego,California,United States
967C,Research,C.U.L8R,Russellville High School,Russellville,Arkansas,United States
967E,Opportunity,Exodus,Russellville High School,RUSSELLVILLE,Arkansas,United States
967T,Math,auToma,Russellville High School,Russellville,Arkansas,United States
986A,Technology,Lancers A,GRACE BRETHREN JR SR HIGH SCHOOL,Simi Valley,California,United States
987A,Science,High Rollers,CIMARRON MEMORIAL HIGH SCHOOL,Las Vegas,Nevada,United States
991H,Engineering,BearBots,HARPETH HALL SCHOOL,Nashville,Tennessee,United States
1002T,Arts,[ ʟᴇᴛʜᴀʟ ᴘʀᴇꜱᴇɴᴄᴇ ],Templestowe College,Templestowe Lower,,Australia
1010N,Innovate,TenTon Robotics,West Vancouver School District #45,West Vancouver,British Columbia,Canada
1023E,Spirit,Evolution,Private,Redmond,Washington,United States
1028A,Design,The Fighting Chirmachillas,Brownell Talbot College Preparatory School,Omaha,Nebraska,United States
1064X,Research,OPS - Unknown Variable,OMAHA NORTH MAGNET HIGH SCHOOL,Omaha,Nebraska,United States
1069E,Opportunity,Critical Mass,Berthoud Robotics,Berthoud,Colorado,United States
1075A,Math,Acros,Heights Robotics,Arcadia,Indiana,United States
1075C,Technology,Chaos,Heights Robotics,Arcadia,Indiana,United States
1082C,Science,Le Fishee,LOVEJOY HIGH SCHOOL,Lucas,Texas,United States
1082E,Engineering,Carbonated Potato,LOVEJOY HIGH SCHOOL,Lucas,Texas,United States
1082J,Arts,Jumbo Shrimp,LOVEJOY HIGH SCHOOL,Lucas,Texas,United States
1082R,Innovate,Robot Go Vroom Vroom,LOVEJOY HIGH SCHOOL,Lucas,Texas,United States
1082V,Spirit,NO MATCH SCHEDULED,LOVEJOY HIGH SCHOOL,Lucas,Texas,United States
1082X,Design,Infinity's End,LOVEJOY HIGH SCHOOL,Lucas,Texas,United States
1082Z,Research,Carpe Phrogg,LOVEJOY HIGH SCHOOL,Lucas,Texas,United States
1104V,Opportunity,Discobots Venom ひ,Brampton Robotics Education,Brampton,Ontario,Canada
1104X,Math,Discobots X,Brampton Robotics Education,Brampton,Ontario,Canada
1115B,Technology,Team Ramrod,GREENFIELD-CENTRAL HIGH SCHOOL,Greenfield,Indiana,United States
1115D,Science,Dysfuncational,GREENFIELD-CENTRAL HIGH SCHOOL,Greenfield,Indiana,United States
1115F,Engineering,Fibonacci,GREENFIELD-CENTRAL HIGH SCHOOL,Greenfield,Indiana,United States
1200A,Arts,Symmetry,ST MARY CATHOLIC SCHOOLS,Neenah,Wisconsin,United States
1233A,Innovate,1233 Astro,CROWN POINT HIGH SCHOOL,Crown Point,Indiana,United States
1233G,Spirit,1233 Galactic,CROWN POINT HIGH SCHOOL,Crown Point,Indiana,United States
1233W,Design,1233 Whiplash,CROWN POINT HIGH SCHOOL,Crown Point,Indiana,United States
1275E,Research,Chamblee Charter High Sch,CHAMBLEE CHARTER HIGH SCHOOL,Chamblee,Georgia,United States
1320A,Opportunity,Tucker High Robotigers,TUCKER HIGH SCHOOL,Tucker,Georgia,United States
1353N,Math,Darmingfale Borotics,FARMINGDALE SENIOR HIGH SCHOOL,Farmingdale,New York,United States
1353V,Technology,WHERE ARE MY SHOES?,FARMINGDALE SENIOR HIGH SCHOOL,Farmingdale,New York,United States
1356B,Science,Parkview Bane,PARKVIEW HIGH SCHOOL,Lilburn,Georgia,United States
1408F,Engineering,Floppy,King Henry VIII School,Coventry,,United Kingdom
1429A,Arts,Team KAOS,GALENA PARK HIGH SCHOOL,Galena Park,Texas,United States
1462B,Innovate,Warriors,PENN TRAFFORD HIGH SCHOOL,Harrison City,Pennsylvania,United States
1469A,Spirit,It Is What It Is,Holmes Eaglebotz Robotics Club,Northridge,California,United States
1532E,Design,Space Monkey Mafia,BEMIDJI SENIOR HIGH,Bemidji,Minnesota,United States
1569A,Research,OMEGA,OMEGA Robotics,Great Neck,New York,United States
1575Y,Opportunity,Yo-Yo,Woodbridge High School,Woodbridge,Virginia,United States
1669X,Math,Milpitas Xtreme Robotics,Milpitas High School,Milpitas,California,United States
1696Z,Technology,Overdrive,Overdrive Robotics,Queen Creek,Arizona,United States
1718X,Science,Boy Oh Boy,MONTGOMERY HIGH SCHOOL,Montgomery,Texas,United States
1718Z,Engineering,Space Chicken,MONTGOMERY HIGH SCHOOL,Montgomery,Texas,United States
1727A,Arts,REX,Dulaney High School,Timonium,Maryland,United States
1727B,Innovate,REX,DULANEY HIGH,Timonium,Maryland,United States
1727N,Spirit,REX,Dulaney High School,Timonium,Maryland,United States
1737K,Design,Ürei,International Robotics Academy,Almaty,,Kazakhstan
1790A,Research,Bacon Bits,Wrightstown High School,Wrightstown,Wisconsin,United States
1790B,Opportunity,Bacon Bytes,WRIGHTSTOWN HIGH,Wrightstown,Wisconsin,United States
1898A,Math,Olympus,MILTON HIGH,Milton,Massachusetts,United States
1970Y,Technology,Knight Owls,MOUNT MICHAEL BENEDICTINE HIGH SCHOOL,Elkhorn,Nebraska,United States
1970Z,Science,The Knights,MOUNT MICHAEL BENEDICTINE HIGH SCHOOL,Elkhorn,Nebraska,United States
2011A,Engineering,Asymmetrical,BRECKSVILLE-BROADVIEW HEIGHTS HIGH SCHOOL,Broadview Heights,Ohio,United States
2011B,Arts,Bruh,BRECKSVILLE-BROADVIEW HEIGHTS HIGH SCHOOL,Broadview Heights,Ohio,United States
2011C,Innovate,Crazy Train,BRECKSVILLE-BROADVIEW HEIGHTS HIGH SCHOOL,Broadview Heights,Ohio,United States
2011D,Spirit,Dopamine,BRECKSVILLE-BROADVIEW HEIGHTS HIGH SCHOOL,Broadview Heights,Ohio,United States
2011E,Design,Ember,BRECKSVILLE-BROADVIEW HEIGHTS HIGH SCHOOL,Broadview Heights,Ohio,United States
2011F,Research,FaZe Clan,BRECKSVILLE-BROADVIEW HEIGHTS HIGH SCHOOL,Broadview Heights,Ohio,United States
2011J,Opportunity,Jester,BRECKSVILLE-BROADVIEW HEIGHTS HIGH SCHOOL,Broadview Heights,Ohio,United States
2011K,Math,Ketchup Bins,BRECKSVILLE-BROADVIEW HEIGHTS HIGH SCHOOL,Broadview Heights,Ohio,United States
2055A,Technology,Capybaras,Mi3L School,Oakville,Ontario,Canada
2068B,Science,Metal Jackets-Tonka,OSBOURN PARK HIGH,Manassas,Virginia,United States
2105A,Engineering,Swampbotics,WARE COUNTY HIGH SCHOOL,Waycross,Georgia,United States
2114R,Arts,Rubberband Robotics,Branches Homeschool Co-op,Phoenix,Arizona,United States
2121D,Innovate,VEXcellent,Academies of Loudoun,Ashburn,Virginia,United States
2131F,Spirit,Real Housewives of DHS,DAVIS HIGH,Kaysville,Utah,United States
2131H,Design,D.U.C.K.,DAVIS HIGH,Kaysville,Utah,United States
2131R,Research,God Save the Queen,DAVIS HIGH,Kaysville,Utah,United States
2140A,Opportunity,S.I.R.,JENISON HIGH SCHOOL,Jenison,Michigan,United States
2145Z,Math,Pink Sparklee Unicorns,i think we are pretty organized,WOODBRIDGE,Virginia,United States
2158A,Technology,B.L.A.A.C.K O.P.S.,Anderson High School,Austin,Texas,United States
2158Z,Science,Stannum,ANDERSON HIGH SCHOOL,Austin,Texas,United States
2211A,Engineering,KHU Inventors,Homeschool,Caguas,,Puerto Rico
2252Y,Arts,CIMATEC,CIMATEC,Caguas,,Puerto Rico
2263Z,Innovate,Z Force,Hogar Colegio La Milagrosa,Arecibo,,Puerto Rico
2290A,Spirit,Eagle's Legend,Colegio Adianez,Guaynabo,,Puerto Rico
2344A,Design,Bolt Bots,CLEAR SPRINGS HIGH SCHOOL,Houston,Texas,United States
2398A,Research,Aftermath,SEQUOYAH HIGH SCHOOL,Tahlequah,Oklahoma,United States
2496J,Opportunity,BHS Robopatties J,Arnold O. Beckman High School,Irvine,California,United States
2496N,Math,BHS Robopatties N,Arnold O. Beckman High School,Irvine,California,United States
2496R,Technology,BHS Robopatties R,Arnold O. Beckman High School,Irvine,California,United States
2496V,Science,BHS Robopatties V,ARNOLD O. BECKMAN HIGH,Irvine,California,United States
2496X,Engineering,BHS Robopatties X,Arnold O. Beckman High School,Irvine,California,United States
2496Y,Arts,BHS Robopatties Y,Arnold O. Beckman High School,Irvine,California,United States
2567B,Innovate,Porta-Botz! - Big Brained,PORTAGE HIGH SCHOOL,Portage,Indiana,United States
2602B,Spirit,Hopkinetics Bionic,HOPKINTON HIGH,Hopkinton,Massachusetts,United States
2602D,Design,Hopkinetics Disconnected,HOPKINTON HIGH,Hopkinton,Massachusetts,United States
2602E,Research,Hopkinetics Elite,HOPKINTON HIGH,Hopkinton,Massachusetts,United States
2602H,Opportunity,Hopkinetics Heavy Metal,HOPKINTON HIGH,Hopkinton,Massachusetts,United States
2616M,Math,Master Oogway,CHERRY HILL HIGH SCHOOL EAST,Cherry Hill,New Jersey,United States
2647X,Technology,Endgame,2647 Robotics,Chandler,Arizona,United States
2654P,Science,Pronounce This,Longmont High School,Longmont,Colorado,United States
2662U,Engineering,Unknown Error,Elara Robotics,Erie,Colorado,United States
2733J,Arts,Jelly,,Groveland,Florida,United States
2775V,Innovate,Jackson Area Robotics,Jackson Area Robotics,Jackson,Tennessee,United States
2833A,Spirit,Roboraptors,Raptor Robotics,Charlotte,North Carolina,United States
2854T,Design,Sleepy Joe,Lake Creek High School,MONTGOMERY,Texas,United States
2854V,Research,Bent Wrench,Lake Creek High School,MONTGOMERY,Texas,United States
2854W,Opportunity,NBA_Youngbot,Lake Creek High School,MONTGOMERY,Texas,United States
2854Z,Math,The Brokies,Lake Creek High School,MONTGOMERY,Texas,United States
2921X,Technology,Free Range-X,Free Range Robotics,Orewa,,New Zealand
2941B,Science,Oats Robotics B,Otumoetai College,Tauranga,,New Zealand
2941E,Engineering,Oats Robotics E,Otumoetai College,Tauranga,,New Zealand
2990U,Arts,Titan Team Atlas,West Salem High School,Salem,Oregon,United States
3017K,Innovate,3017K,HENLEY HIGH SCHOOL,Klamath Falls,Oregon,United States
3018A,Spirit,Where is the Laptop,,Council Bluffs,Iowa,United States
3118A,Design,Astrobots,CLEAR BROOK HIGH SCHOOL,Houston,Texas,United States
3118B,Research,Astrobots,CLEAR BROOK HIGH SCHOOL,Houston,Texas,United States
3141A,Opportunity,In Transit,Gross Catholic Robotics,Bellevue,Nebraska,United States
3141X,Math,FuzzyKnightMonsterDaddy,GROSS CATHOLIC HIGH SCHOOL,Bellevue,Nebraska,United States
3142A,Technology,Abomination,Paideia School,Atlanta,Georgia,United States
3142P,Science,Zip Ties and Duct Tape,Paideia School,Atlanta,Georgia,United States
3142W,Engineering,Paideia Robotics,Paideia School,Atlanta,Georgia,United States
3142Y,Arts,Yutz,Paideia School,Atlanta,Georgia,United States
3150A,Innovate,Silver Owl,Silver Owl Robotics Club,RICHMOND HILL,Ontario,Canada
3223A,Spirit,The Hallway,WEST MICHIGAN AVIATION ACADEMY,Grand Rapids,Michigan,United States
3223D,Design,The Bronze Age,WEST MICHIGAN AVIATION ACADEMY,Grand Rapids,Michigan,United States
3249U,Research,Ultraviolet,VANCOUVER ITECH PREPARATORY,Vancouver,Washington,United States
3264Z,Opportunity,Don't Tell Grayson,NORWALK HIGH SCHOOL,Norwalk,Ohio,United States
3303G,Math,Dublin Robotics Genesis,Dublin Robotics Club,Dublin,California,United States
3333J,Technology,Slightly Hostile Bees,NOTRE DAME PREPARATORY SCHOOL & MARIST ACADEMY,Pontiac,Michigan,United States
3333W,Science,Power of the Square,NOTRE DAME PREPARATORY SCHOOL & MARIST ACADEMY,Pontiac,Michigan,United States
3388A,Engineering,Angel,Sir Winston Churchill High School,Calgary,Alberta,Canada
3388B,Arts,Can We Get Much Higher,Sir Winston Churchill High School,Calgary,Alberta,Canada
3389C,Innovate,GULLS Robotics,GULLS Robotics,Parsonsburg,Maryland,United States
3547H,Spirit,VIRUS: Pot Stickers,Technolgy First,Monroe,Michigan,United States
3547Y,Design,VIRUS: Murphy's Law,Technolgy First,Monroe,Michigan,United States
3583A,Research,Vulcan Robotics,Curiosity Spark,Sammamish,Washington,United States
3655G,Opportunity,NHS Project 36 Gray,North High School,Bakersfield,California,United States
3723A,Math,Chonky Gimbots,Seoul Foreign School,Seoul,,South Korea
3743C,Technology,Intellectual Idiots,ERIE HIGH SCHOOL,Erie,Colorado,United States
3759X,Science,Virtuoso,Interstellar Robotics,Irvine,California,United States
3796A,Engineering,Mann Made,J. L. MANN HIGH ACADEMY,Greenville,South Carolina,United States
3796B,Arts,Some Assembly Required,J. L. MANN HIGH ACADEMY,Greenville,South Carolina,United States
3796F,Innovate,Pay Respects,J. L. MANN HIGH ACADEMY,Greenville,South Carolina,United States
3796H,Spirit,Lotso Gears,J. L. MANN HIGH ACADEMY,Greenville,South Carolina,United States
3818A,Design,ManilaA,International School Manila,Manila,,Philippines
3885Y,Research,Scooby Doooooooo,Unitec Career Center,Bonne Terre,Missouri,United States
3946S,Opportunity,Sun Devils S,Kent Denver School,Englewood,Colorado,United States
4082B,Math,Freedom Gladiators,St Nicholas Catholic School,Freedom,Wisconsin,United States
4112D,Technology,Blue Devils,ZANESVILLE HIGH SCHOOL,Zanesville,Ohio,United States
4142B,Science,Pearl City High School,PEARL CITY HIGH SCHOOL,Pearl City,Hawaii,United States
4148A,Engineering,Average...,Greenville High School,Greenville,Texas,United States
4148E,Arts,Three Headed Goat,Greenville High School,Greenville,Texas,United States
4154V,Innovate,USchool Sharks Robotics,NSU UNIVERSITY SCHOOL,Fort Lauderdale,Florida,United States
4154X,Spirit,USchool Sharks Robotics,NSU UNIVERSITY SCHOOL,Fort Lauderdale,Florida,United States
4154Z,Design,USchool Sharks Robotics,NSU UNIVERSITY SCHOOL,Fort Lauderdale,Florida,United States
4216A,Research,Fantastic 4,LAKESIDE HIGH SCHOOL,Lake Village,Arkansas,United States
4253B,Opportunity,Raid Zero B,Taipei American School,Taipei,,Taiwan
4275A,Math,CCK-1,CMA Choi Cheung Kok Secondary School,NT,,Hong Kong
4318B,Technology,Eevee,Creativity Private School - Bahrain,Manama,,Bahrain
4326A,Science,The Rake,ELKHORN SOUTH HIGH SCHOOL,Omaha,Nebraska,United States
4330M,Engineering,The Squad,RANSOM EVERGLADES SCHOOL,Miami,Florida,United States
4330R,Arts,Raiders,RANSOM EVERGLADES SCHOOL,Miami,Florida,United States
4378A,Innovate,KnightX,J M HANKS HIGH SCHOOL,El Paso,Texas,United States
4378C,Spirit,The Kingdom,J M HANKS HIGH SCHOOL,El Paso,Texas,United States
4378D,Design,SilverKnights,J M HANKS HIGH SCHOOL,El Paso,Texas,United States
4478E,Research,Rawr Vex Dee,MASUK HIGH SCHOOL,Monroe,Connecticut,United States
4478N,Opportunity,Nova,MASUK HIGH SCHOOL,Monroe,Connecticut,United States
4583X,Math,Sushi Warriors,Samurai Robotics,Katy,Texas,United States
4610C,Technology,Cougars,Robot Revolution,Summit,New Jersey,United States
4610H,Science,Happy Hobos,Robot Revolution,Summit,New Jersey,United States
4815B,Engineering,CPC Team B,WEO CHANG PUI CHUNG MEMORIAL SCHOOL,Hong Kong,,Hong Kong
4828K,Arts,BrewTech Robotics - K,BREWTECH TECHNOLOGY MAGNET HIGH SCHOOL,Montgomery,Alabama,United States
4828P,Innovate,BrewTech Robotics - P,BREWBAKER TECHNOLOGY MAGNET HIGH SCHOOL,Montgomery,Alabama,United States
4828S,Spirit,BrewTech Robotics - S,BREWTECH TECHNOLOGY MAGNET HIGH SCHOOL,Montgomery,Alabama,United States
4886B,Design,Beefcake,Thetford Academy,Thetford Center,Vermont,United States
4886S,Research,String Theory,Thetford Academy,Thetford Center,Vermont,United States
5062E,Opportunity,American Steel,FOX VALLEY LUTHERAN HIGH SCHOOL,Appleton,Wisconsin,United States
5062X,Math,XenoFox,FOX VALLEY LUTHERAN HIGH SCHOOL,Appleton,Wisconsin,United States
5069X,Technology,Recycled Potential,Millard North High School,Omaha,Nebraska,United States
5069Z,Science,Time Well SPINt,Millard North High School,OMAHA,Nebraska,United States
5090X,Engineering,Radioactive,Microchip Community Team,Chandler,Arizona,United States
5150D,Arts,Mad Hatters,DANBURY HIGH SCHOOL,Danbury,Connecticut,United States
5150H,Innovate,Mad Hatters - Havoc,DANBURY HIGH SCHOOL,Danbury,Connecticut,United States
5150Z,Spirit,Mad Hatters - Zirconium,DANBURY HIGH SCHOOL,Danbury,Connecticut,United States
5155A,Design,Midnight,CROSS COUNTY HIGH SCHOOL,Stromsburg,Nebraska,United States
5203G,Research,Gremlin,OLA HIGH SCHOOL,McDonough,Georgia,United States
5225A,Opportunity,E-Bots PiLons,ebots,Milton,Ontario,Canada
5249Z,Math,Artemis,Sparta High School,Sparta,New Jersey,United States
5278A,Technology,Brookwood Broncobots,BROOKWOOD HIGH SCHOOL,Snellville,Georgia,United States
5278B,Science,Brookwood Broncobots,BROOKWOOD HIGH SCHOOL,Snellville,Georgia,United States
5278E,Engineering,Brookwood Broncobots,BROOKWOOD HIGH SCHOOL,Snellville,Georgia,United States
5327K,Arts,gael force kreamers,DUBLIN HIGH SCHOOL,Dublin,California,United States
5327S,Innovate,5327swag,DUBLIN HIGH SCHOOL,Dublin,California,United States
5408B,Spirit,Sachse Bravo,SACHSE HIGH SCHOOL,Sachse,Texas,United States
5408D,Design,Sachse Dynamo,SACHSE HIGH SCHOOL,Sachse,Texas,United States
5408X,Research,Void,SACHSE HIGH SCHOOL,Sachse,Texas,United States
5430A,Opportunity,Blue Brains,Parkway West High School,Chesterfield,Missouri,United States
5501B,Math,El Chacko Taco,GUILDERLAND HIGH SCHOOL,Guilderland Center,New York,United States
5509E,Technology,VHS Excelsior!,Valley Home Schoolers,Appleton,Wisconsin,United States
5509G,Science,VHS Cavaliers,Valley Home Schoolers,Appleton,Wisconsin,United States
5686E,Engineering,Ringdown,MAZAMA HIGH SCHOOL,Klamath Falls,Oregon,United States
5686G,Arts,The Grumblers,MAZAMA HIGH SCHOOL,Klamath Falls,Oregon,United States
5686Z,Innovate,Delaware,Mazama High School,Klamath Falls,Oregon,United States
5690T,Spirit,High Maintenance,BISHOP CHATARD HIGH SCHOOL,Indianapolis,Indiana,United States
5691X,Design,Athena,BRYANT HIGH SCHOOL,Bryant,Arkansas,United States
5691Z,Research,Borealis,BRYANT HIGH SCHOOL,Bryant,Arkansas,United States
5760B,Opportunity,UnBEARable,Father Patrick Mercredi High School,Fort Mcmurray,Alberta,Canada
5760C,Math,Merc Cobra Chickenz,Father Patrick Mercredi High School,Fort Mcmurray,Alberta,Canada
5776A,Technology,DVHS Robotics,DOUGHERTY VALLEY HIGH,San Ramon,California,United States
5776K,Science,DVHS Robotics,DOUGHERTY VALLEY HIGH,San Ramon,California,United States
5897V,Engineering,Northland Vikings,NORTHLAND HIGH SCHOOL,Columbus,Ohio,United States
5956B,Arts,Bangarang,Timber Creek High School,Orlando,Florida,United States
5956C,Innovate,Bangarang,TIMBER CREEK HIGH,Orlando,Florida,United States
5956F,Spirit,Bangarang,Timber Creek High School,Orlando,Florida,United States
5999A,Design,Eagle Siege,NORTHEAST HIGH,Clarksville,Tennessee,United States
6008C,Research,C U Later,NORTH UNION HIGH SCHOOL,Richwood,Ohio,United States
6008N,Opportunity,RNA,NORTH UNION HIGH SCHOOL,Richwood,Ohio,United States
6030J,Math,Jesters,Arizona College Prep - Erie,Chandler,Arizona,United States
6121A,Technology,The Pioneers,CONESTOGA SHS,Berwyn,Pennsylvania,United States
6121C,Science,The Pioneers,CONESTOGA SHS,Berwyn,Pennsylvania,United States
6210K,Engineering,HCS Eagles: KryptoKnights,Heritage Christian School,Indianapolis,Indiana,United States
6210M,Arts,HCS Eagles: Meta Mafia,Heritage Christian School,Indianapolis,Indiana,United States
6210T,Innovate,HCS Eagles: Take Two,Heritage Christian School,Indianapolis,Indiana,United States
6210U,Spirit,HCS Eagles: ♫♩Under Par ♫♩,Heritage Christian School,Indianapolis,Indiana,United States
6210X,Design,HCS Eagles: Phoenix,Heritage Christian School,Indianapolis,Indiana,United States
6219B,Research,Rock Em' Sock Em' Robot,NEENAH HIGH,Neenah,Wisconsin,United States
6264A,Opportunity,Shawnigan Robotics,Shawnigan Lake School,Shawnigan Lake,British Columbia,Canada
6277B,Math,RoboCavs,THE HARVEY SCHOOL,Katonah,New York,United States
6277C,Technology,RoboCavs,THE HARVEY SCHOOL,Katonah,New York,United States
6277D,Science,RoboCavs,THE HARVEY SCHOOL,Katonah,New York,United States
6323X,Engineering,Vex Velociraptors,Desert Vista High School,phoenix,Arizona,United States
6374A,Arts,Bionic Bruins,BRANHAM HIGH,San Jose,California,United States
6403A,Innovate,Aces,Brookside High School,Sheffield Village,Ohio,United States
6408B,Spirit,Budget,Heritage Woods Secondary,Port Moody,British Columbia,Canada
6408N,Design,Windex,Heritage Woods Secondary,Port Moody,British Columbia,Canada
6603H,Research,Hungry Hungry Hippos,PATRIOT HIGH,Nokesville,Virginia,United States
6627A,Opportunity,Knight Time Bots A,FOOTHILL HIGH,Santa Ana,California,United States
6627B,Math,Knight Time Bots B,FOOTHILL HIGH,Santa Ana,California,United States
6627S,Technology,Knight Time Bots S,FOOTHILL HIGH,Santa Ana,California,United States
6627X,Science,Knight Time Bots X,FOOTHILL HIGH,Santa Ana,California,United States
6741D,Engineering,Destroy Build Destroy,PICKERINGTON HIGH SCHOOL CENTRAL,Pickerington,Ohio,United States
6842G,Arts,Ghost Code,PARK TUDOR SCHOOL,INDIANAPOLIS,Indiana,United States
6842K,Innovate,Killer Instinct,PARK TUDOR SCHOOL,INDIANAPOLIS,Indiana,United States
6891Z,Spirit,I Like Zebras,Faith Lutheran High School,Las Vegas,Nevada,United States
7110A,Design,Fired Up!,CARROLL HIGH SCHOOL,Southlake,Texas,United States
7110E,Research,Fired Up!,CARROLL HIGH SCHOOL,Southlake,Texas,United States
7110H,Opportunity,Fired Up!,CARROLL HIGH SCHOOL,Southlake,Texas,United States
7110S,Math,Fired Up!,CARROLL HIGH SCHOOL,Southlake,Texas,United States
7110Z,Technology,Fired Up!,CARROLL HIGH SCHOOL,Southlake,Texas,United States
7121B,Science,Maverick Robotics,ARCHBISHOP EDWARD MCCARTHY HIGH SCHOOL,Southwest Ranches,Florida,United States
7121F,Engineering,Maverick Robotics “Steve”,ARCHBISHOP EDWARD MCCARTHY HIGH SCHOOL,Southwest Ranches,Florida,United States
7139B,Arts,Beijing Bayi School-B,Beijing Bayi School,Beijing,Beijing,China
7157A,Innovate,Revenge Of The Titans,Bears Robotics @ Chittenango High School,Chittenango,New York,United States
7225F,Spirit,Southland Southbots,Southland High School,Adams,Minnesota,United States
7225X,Design,Southland Roverbots,Southland High School,Adams,Minnesota,United States
7282Z,Research,AutoFlashes: Zenith,Franklin Central High School,Indianapolis,Indiana,United States
7316E,Opportunity,Eggs N' Bacon,FIRESTONE HIGH SCHOOL,Akron,Ohio,United States
7316P,Math,Platypus,FIRESTONE HIGH SCHOOL,Akron,Ohio,United States
7316R,Technology,Rigatoni,FIRESTONE HIGH SCHOOL,Akron,Ohio,United States
7316X,Science,Xcalibur,FIRESTONE HIGH SCHOOL,Akron,Ohio,United States
7368C,Engineering,CCHS Panic Attack,COVENANT CHRISTIAN HIGH SCHOOL,Indianapolis,Indiana,United States
7368W,Arts,CCHS Anxiety,Covenant Christian High School,Indianapolis,Indiana,United States
7405K,Innovate,Millburn Kinetic,Millburn High School,Millburn,New Jersey,United States
7405R,Spirit,Millburn Riptide,Millburn High School,Millburn,New Jersey,United States
7454B,Design,Pine Jr/Sr High Team B,PINE SCHOOL,Franklinton,Louisiana,United States
7536R,Research,Aughhhhhhh,Ridgeland High School,Ridgeland,Mississippi,United States
7580P,Opportunity,Overcooked Bread,Haslett Robotics Club,Haslett,Michigan,United States
7580Z,Math,Zesty,Haslett Robotics Club,Haslett,Michigan,United States
7686B,Technology,Capten,Tiger Robotics,Harrisburg,South Dakota,United States
7701V,Science,Vortex,ZIONSVILLE COMMUNITY HIGH SCHOOL,Zionsville,Indiana,United States
7842P,Engineering,Robotics71 - P,Robotics71 - School District #71,Comox,British Columbia,Canada
7842X,Arts,The Unknown Variable,Robotics71 - School District #71,Comox,British Columbia,Canada
7862D,Innovate,Duckies,Hesston High School,Hesston,Kansas,United States
7862T,Spirit,Hesston Career Academy,HESSTON HIGH,Hesston,Kansas,United States
7870B,Design,Material Gworlz,CORONADO HIGH SCHOOL,Henderson,Nevada,United States
7870X,Research,Xistential Crisis,CORONADO HIGH SCHOOL,Henderson,Nevada,United States
7890E,Opportunity,Team E of FZ NO.3 HS,Fuzhou NO .3 High School,Fuzhou,Fujian,China
7890S,Math,Team S of Fuzhou No.3 HS,Fuzhou No.3 High School,Fuzhou,Fujian,China
7925M,Technology,H.I.I 杭州二中Barrett队,Hangzhou No.2 High School,Hangzhou,Zhejiang,China
7925S,Science,H.I.I 杭州二中Sexy First,Hangzhou No.2 High School,hanzhou,Zhejiang,China
7983A,Engineering,Centennial CyberHawks A,Centennial High School,Bakersfield,California,United States
7983S,Arts,Centennial CyberHawks S,Centennial High School,Bakersfield,California,United States
7983Y,Innovate,Centennial CyberHawks Y,Centennial High School,Bakersfield,California,United States
7984A,Spirit,CMAss Alpha,CMA Secondary School,Kowloon,,Hong Kong
7996B,Design,The Knightmares,HIGLEY HIGH SCHOOL,Gilbert,Arizona,United States
8000C,Research,HRS Robohawks,HEAD ROYCE SCHOOL,Oakland,California,United States
8000E,Opportunity,HRS Robohawks,HEAD ROYCE SCHOOL,Oakland,California,United States
8031B,Math,Hudsonville 8031B,Hudsonville Robotics - HS,Hudsonville,Michigan,United States
8031R,Technology,Rebound,HUDSONVILLE HIGH SCHOOL,Hudsonville,Michigan,United States
8059A,Science,Blank.,Anglo-Chinese School (Independent),Singapore,,Singapore
8059X,Engineering,Blank.,Anglo-Chinese School (Independent),Singapore,,Singapore
8059Z,Arts,Blank.,Anglo-Chinese School (Independent),Singapore,,Singapore
8076A,Innovate,Conquest,Hwa Chong Institution,Singapore,,Singapore
8076Z,Spirit,Strife,Hwa Chong Institution,Singapore,,Singapore
8110B,Design,Autobytes,Mankato West Robotics,Mankato,Minnesota,United States
8110D,Research,Dumplings,Mankato West Robotics,Mankato,Minnesota,United States
8110G,Opportunity,Static Core,Mankato West Robotics,Mankato,Minnesota,United States
8110R,Math,Top Gear,Mankato West Robotics,Mankato,Minnesota,United States
8110Z,Technology,Aperture,Mankato West Robotics,Mankato,Minnesota,United States
8214C,Science,Fire Breathing Marshmallows,Onondaga Senior High School,NEDROW,New York,United States
8301D,Engineering,Cougarbots D,SAN YSIDRO HIGH,San Diego,California,United States
8349A,Arts,Anomaly,GATEWAY ACADEMY TO INNOVATION & TECH.,Hopkinsville,Kentucky,United States
8349G,Innovate,Original Geek,GATEWAY ACADEMY TO INNOVATION & TECH.,Hopkinsville,Kentucky,United States
8349K,Spirit,Kodak,GATEWAY ACADEMY TO INNOVATION & TECH.,Hopkinsville,Kentucky,United States
8481X,Design,Bridger Bot,Bridger Robotics,Bozeman,Montana,United States
8568A,Research,Knights,NORTH ANDOVER HIGH,North Andover,Massachusetts,United States
8682C,Opportunity,Crimson Dragons,Newton College and Career Academy,Covington,Georgia,United States
8682N,Math,Nighthawks,Newton College and Career Academy,Covington,Georgia,United States
8756G,Technology,Miku Representative,McCallum HS,Austin,Texas,United States
8771Z,Science,Shaky Flywheels,Calabasas High School,Calabasas,California,United States
8780A,Engineering,WV Aurum,Waubonsie Valley High School,Aurora,Illinois,United States
8787A,Arts,Eastwood Robotics,EASTWOOD HIGH SCHOOL,El Paso,Texas,United States
8800T,Innovate,Desert Titan,Trinity Robotics Club,Chandler,Arizona,United States
8823B,Spirit,Bonzai,Milford High School,Milford,Ohio,United States
8823E,Design,Enigma,Milford High School,Milford,Ohio,United States
8861B,Research,Steel Panthers: Powered by Duracell,International School Bangkok,Pakkret,,Thailand
8861D,Opportunity,Steel Panthers: 8861D,International School Bangkok,Pakkret,,Thailand
8876C,Math,STEAM-C,QUEENSBURY SENIOR HIGH SCHOOL,Queensbury,New York,United States
8892V,Technology,Eat Hot Chip,Delhi Charter School,Delhi,Louisiana,United States
8903K,Science,JROTC Green Knights,Mount Pleasant High School,Wilmington,Delaware,United States
8926W,Engineering,Wigglebots,YNOT Robotics,Spartanburg,South Carolina,United States
9039B,Arts,Something About Hats,BrandywineBOTS Robotics Club,Wilmington,Delaware,United States
9064X,Innovate,Self-Proclaimed Big Brain,JOHN M MOREHEAD HIGH,Eden,North Carolina,United States
9065H,Spirit,Phantom Robotics,PLATTE COUNTY HIGH,Platte City,Missouri,United States
9065S,Design,Phantom Robotics,PLATTE COUNTY HIGH,Platte City,Missouri,United States
9080H,Research,Green Machine,SOUTH HAGERSTOWN HIGH,Hagerstown,Maryland,United States
9080S,Opportunity,Rebellious Misfits,SOUTH HAGERSTOWN HIGH,Hagerstown,Maryland,United States
9123A,Math,Shanghai RuiGuan Team 9123A,ShangHai RuiGuan Robotics Activity Center,Shanghai,Shanghai,China
9123B,Technology,Shanghai RuiGuan Team 9123B,ShangHai RuiGuan,Shanghai,Shanghai,China
9142A,Science,Milkcramps,CLAREMORE HIGH SCHOOL,Claremore,Oklahoma,United States
9142B,Engineering,Opportunity,CLAREMORE HIGH SCHOOL,Claremore,Oklahoma,United States
9142C,Arts,Crazy Caboose,CLAREMORE HIGH SCHOOL,Claremore,Oklahoma,United States
9142D,Innovate,Dissolve,CLAREMORE HIGH SCHOOL,Claremore,Oklahoma,United States
9142W,Spirit,Rizz,CLAREMORE HIGH SCHOOL,Claremore,Oklahoma,United States
9181F,Design,Frenzy,Seaquam Secondary,Delta,British Columbia,Canada
9181M,Research,Matéo,Seaquam Secondary,Delta,British Columbia,Canada
9181N,Opportunity,Bababooey,Seaquam Secondary,Delta,British Columbia,Canada
9181V,Math,Vroom Vroom,Seaquam Secondary,Delta,British Columbia,Canada
9257C,Technology,House Cats,COVINGTON CATHOLIC HIGH SCHOOL,Park Hills,Kentucky,United States
9257F,Science,Flintstones,COVINGTON CATHOLIC HIGH SCHOOL,Park Hills,Kentucky,United States
9328Z,Engineering,Shasta Robots,SHASTA HIGH,Redding,California,United States
9364A,Arts,Iron Eagles - AJAX,Brentwood Academy,Brentwood,Tennessee,United States
9364B,Innovate,Iron Eagles - Burn,Brentwood Academy,Brentwood,Tennessee,United States
9364C,Spirit,IronEagles C=299792458m/s,Brentwood Academy,Brentwood,Tennessee,United States
9364E,Design,Iron Eagles - Exodus,Brentwood Academy,Brentwood,Tennessee,United States
9421H,Research,Hot Sauce,Framingham High School,Framingham,Massachusetts,United States
9421R,Opportunity,Roboty McRobotface,Framingham High School,Framingham,Massachusetts,United States
9447B,Math,Wild Cards,Palmetto Scholars Academy,North Charleston,South Carolina,United States
9447G,Technology,L.E.G.O.S.,PALMETTO SCHOLARS ACADEMY,North Charleston,South Carolina,United States
9457X,Science,Your Ex,MANKATO EAST SENIOR HIGH,Mankato,Minnesota,United States
9551A,Engineering,H.I.V.E.,WEISER HIGH SCHOOL,Weiser,Idaho,United States
9623S,Arts,Sippy Cups,WEST ASHLEY HIGH,Charleston,South Carolina,United States
9698B,Innovate,Affiliated High School of Fujian Normal University,福建师范大学附属中学,fuzhou,Fujian,China
9727A,Spirit,OSOS 110,CBTIS 110,Durango,Durango,Mexico
9727B,Design,CBTIS 110_B,CBTIS 110,Durango,Durango,Mexico
9784C,Research,Midas' Mayhem,TROY BUCHANAN HIGH,Troy,Missouri,United States
9909M,Opportunity,M_team,MIDDLETOWN HIGH SCHOOL,Middletown,Connecticut,United States
9909W,Math,Walter,MIDDLETOWN HIGH SCHOOL,Middletown,Connecticut,United States
9909Y,Technology,Eureka!,MIDDLETOWN HIGH SCHOOL,Middletown,Connecticut,United States
9932F,Science,Hawks,JERICHO SENIOR HIGH SCHOOL,Jericho,New York,United States
9932X,Engineering,Hawks,JERICHO SENIOR HIGH SCHOOL,Jericho,New York,United States
10002X,Arts,Geared Up,PU TAI SENIOR HIGH SCHOOL,Nantou County,,Taiwan
10102C,Innovate,Chungi Enterprises,Vinci Robotics Academy,Burlington,Massachusetts,United States
10478S,Spirit,Ubiquitous Gearers,Greig City Academy,London,,United Kingdom
10647C,Design,La Rumba,IOWA HIGH SCHOOL,Iowa,Louisiana,United States
10955M,Research,MJS Robotics,MJES,Oak Harbor,Washington,United States
11001X,Opportunity,Pentabotix,Pentabotix 11001X,Ashburn,Virginia,United States
11017Y,Math,Innova't Purple Lions,Innova't Educació,Girona,Girona,Spain
11101B,Technology,Barcbots Getting There,Barcbots,Cupertino,California,United States
11124P,Science,Project 25,ELYRIA HIGH SCHOOL,Elyria,Ohio,United States
11124R,Engineering,T-Rex Push-Ups,ELYRIA HIGH SCHOOL,Elyria,Ohio,United States
11124X,Arts,The Butterfly Effect,ELYRIA HIGH SCHOOL,Elyria,Ohio,United States
11124Z,Innovate,Carnivorous Llamas,ELYRIA HIGH SCHOOL,Elyria,Ohio,United States
11254W,Spirit,Dubs,William Henry Harrison High School,Harrison,Ohio,United States
11342A,Design,Explorer 1,Christopher Columbus High School,Miami,Florida,United States
11413A,Research,Team Orange,Riihimäen kaupunki,Riihimäki,,Finland
11442V,Opportunity,Hewitt Robotics,The Hewitt School,New York,New York,United States
11495E,Math,Robo Legends,Robo Legends Robotics of South Texas,Saint Hedwig,Texas,United States
11688C,Technology,Imagine Winning,MAGIKID LAB,Santa Rosa,California,United States
11777C,Science,MONTE,NAMPA CHRISTIAN SCHOOLS,nampa,Idaho,United States
12478X,Engineering,Bobaionics,group of friends,Cupertino,California,United States
12876A,Arts,UNDERSCORE _,CHATTANOOGA SCHOOL FOR THE LIBERAL ARTS,Chattanooga,Tennessee,United States
13460C,Innovate,The Burninators,Sherburne-Earlville Senior High School,Sherburne,New York,United States
13800Y,Spirit,ruizhiwenfeng Y,Rui Zhi Wen Feng Education Technology Co.,Beijing,Beijing,China
14641A,Design,Rachel,Asia Pacific International School,Seoul,,South Korea
14895A,Research,Large Predators,Wellsville Secondary School,WELLSVILLE,New York,United States
14895B,Opportunity,Big Cat Robotics,WELLSVILLE SECONDARY SCHOOL,Wellsville,New York,United States
14947F,Math,Dark Fenix,Fenix+ Robotics,Cowansville,Quebec,Canada
15352A,Technology,Practice safe Vex,SEAMAN HIGH,Topeka,Kansas,United States
15352B,Science,Vex Ed,SEAMAN HIGH,Topeka,Kansas,United States
15442A,Engineering,Canyon Cooks,CANYON HIGH,Anaheim,California,United States
15486H,Arts,Vexation,VISTA SCHOOL,IVINS,Utah,United States
15797A,Innovate,Monka Mechanics,Lexington High School,Lexington,Massachusetts,United States
15801C,Spirit,99 Problems,DUBOIS AREA SHS,DuBois,Pennsylvania,United States
15801E,Design,The Mad Scientists,DUBOIS AREA SHS,DuBois,Pennsylvania,United States
16099A,Research,Overclock,KG Computech,Flushing,New York,United States
16689B,Opportunity,Velocity,Dracobots,Portland,Oregon,United States
16689C,Math,Victory,Dracobots,Portland,Oregon,United States
16868K,Technology,Skill Issue,Checkmate Robotics,Markham,Ontario,Canada
16888A,Science,Invisible,Independent,Troy,Michigan,United States
17022A,Engineering,Pangolin,HappyRobot,New Taipei City,,Taiwan
17059G,Arts,Glistobots,Glisten International Academy,Abuja Municipal Area Council,,Nigeria
17760X,Innovate,The Techs,Capitol City Robotics,Washington,District of Columbia,United States
17924A,Spirit,Trigonometry,Boswin Robotics,Mississauga,Ontario,Canada
17990E,Design,Ethereal,Private,Aurora,Illinois,United States
18190A,Research,BASIS-A,BIGZ,Guangzhou,Guangdong,China
18650D,Opportunity,Cranleigh Robotics,Cranleigh School,Cranleigh,,United Kingdom
18650E,Math,Cranleigh Robotics,Cranleigh School,Cranleigh,,United Kingdom
18670C,Technology,Mt Seymour Robotics,North Vancouver,North Vancouver,British Columbia,Canada
18777F,Science,FULGOR,Groupe Scolaire AL JABR,Fès,,Morocco
18882V,Engineering,VIIInfinitum,LOOPA Aula Tecnològica,Andorra la Vella,,Andorra
18888A,Arts,Heavy Metal Mush,Heavy Metal Robotics,Dublin,California,United States
18891A,Innovate,G-4s,Granby 4-H Club,East Hartland,Connecticut,United States
19019C,Spirit,DEATH SQUAD,STEAM Azerbaijan,Baku,,Azerbaijan
19122A,Design,Biohazard,MONTVERDE ACADEMY,Montverde,Florida,United States
19355A,Research,G.O.A.T. Robotics,G.O.A.T. Robotics,Newtown Square,Pennsylvania,United States
19589A,Opportunity,Hope Robotics,Center of Hope,Bluff City,Tennessee,United States
19697W,Math,3 Idiots,Jordan Highschool TX Katy TX,katy,Texas,United States
19697Z,Technology,Space Monkeyz,JORDAN HIGH SCHOOL,Katy,Texas,United States
19800A,Science,Eagles 1,MODEL SECONDARY SCHOOL FOR THE DEAF,Washington,District of Columbia,United States
19864A,Engineering,Team ALpha,Lisa school robotics,addis ababa,,Ethiopia
20002G,Arts,GOLD!,SILSBEE HIGH SCHOOL,Silsbee,Texas,United States
20002X,Innovate,GOLD!,SILSBEE HIGH SCHOOL,Silsbee,Texas,United States
20002Y,Spirit,GOLD!,SILSBEE HIGH SCHOOL,Silsbee,Texas,United States
20005B,Design,Free Cheese,Fryeburg Academy,FRYEBURG,Maine,United States
20020X,Research,Velocity,Velocity Robotics,Deer Park,Illinois,United States
20164X,Opportunity,SharX,CHARLES J. COLGAN SR. HIGH,Manassas,Virginia,United States
20315D,Math,Marcelline Robotics,Collège Sainte-Marcelline,Montreal,Quebec,Canada
20480Y,Technology,Flared Bingus,SKYLINE HIGH SCHOOL,Dallas,Texas,United States
20605A,Science,First Class,ALEXANDRIA HIGH SCHOOL,Alexandria,Alabama,United States
21050A,Engineering,Rob's Burgers,MCGEHEE HIGH SCHOOL,McGehee,Arkansas,United States
21417A,Arts,ROBOKAUZ,ROBOKAUZ,Indianapolis,Indiana,United States
22020X,Innovate,Tech Chaos,Kidwe Lab,Auckland,,New Zealand
22023A,Spirit,Bulldog Bytes Robotics Green,SPRINGFIELD HIGH SCHOOL,Springfield,Louisiana,United States
22204G,Design,Wylie Goldfish,WYLIE HIGH SCHOOL,Wylie,Texas,United States
22204V,Research,Wylie Vanguard,WYLIE HIGH SCHOOL,Wylie,Texas,United States
22736A,Opportunity,ASD Tech Tigers,AMERICAN SCHOOL FOR THE DEAF,West Hartford,Connecticut,United States
22911M,Math,Maker Must,MBA Okullari Schools,İstanbul,,Türkiye
23203B,Technology,Silent Reaper,MN ACADEMY FOR THE DEAF,Faribault,Minnesota,United States
23418A,Science,RedBisons,RedBisons,"Chofu, Tokyo",,Japan
23880B,Engineering,Delta Force,LYONS TWP HIGH SCH,LaGrange,Illinois,United States
24118E,Arts,Broken Zip Ties,ALBERT LEA SENIOR HIGH,ALBERT LEA,Minnesota,United States
24626Z,Innovate,CRHS Polaris,Cinco Ranch High School,KATY,Texas,United States
24816C,Spirit,Ctrl-C,Happy Valley High School,Elizabethton,Tennessee,United States
25146D,Design,Nice N' Crispy,Clear Lake High School,Clear Lake,Iowa,United States
25455Y,Research,Airor 4-OH-4,Cranberry Area Jshs,Seneca,Pennsylvania,United States
25575B,Opportunity,"Bot, Paper, Scissors",The American International School of Muscat,Muscat,,Oman
25600H,Math,Latin H,The Roxbury Latin School,West Roxbury,Massachusetts,United States
25600X,Technology,Jerome,The Roxbury Latin School,West Roxbury,Massachusetts,United States
25600Y,Science,Goomba,The Roxbury Latin School,West Roxbury,Massachusetts,United States
26164A,Engineering,You Spin Me Right 'Round,Ravenswood High School,RAVENSWOOD,West Virginia,United States
27905C,Arts,Muskrats,MARSHFIELD HIGH,Marshfield,Wisconsin,United States
29039A,Innovate,苏州市青少1队,苏州工业园区青少年活动中心,苏州,Jiangsu,China
29143A,Spirit,Steamclub,Mosa-RT,Maaseik,,Belgium
29760E,Design,Treee,Shasta Charter Academy,Redding,California,United States
30204A,Research,Gibbons Gearheads,Cardinal Gibbons High School,FORT LAUDERDALE,Florida,United States
30809S,Opportunity,Maximum Output,30809S Robotics,Timnath,Colorado,United States
32092E,Math,Brawling Bananas,Stargate Charter School,Thornton,Colorado,United States
32174C,Technology,Trae Young,Conway Area Career Center,CONWAY,Arkansas,United States
32792B,Science,COGNEX,Winter Park High School,WINTER PARK,Florida,United States
33011Z,Engineering,CriticalError-RedRingOfDeath,Critical Error Robotics,Morrisville,North Carolina,United States
33112C,Arts,"Robo Rangers - Conrad """"Sarge E. Poo""""",CONCORDIA LUTHERAN HIGH SCHOOL,Ft Wayne,Indiana,United States
33344C,Innovate,Whitewater Robotics C,Whitewater High School,Fayetteville,Georgia,United States
33418X,Spirit,The Benjineers,THE BENJAMIN SCHOOL,PALM BEACH GARDENS,Florida,United States
33472B,Design,FalconBotics,Alchesay High School,Whiteriver,Arizona,United States
34001A,Research,IORobot,İbrahim Özaydın Mesleki ve Teknik Anadolu Lisesi,İstanbul,,Türkiye
34107K,Opportunity,Team Qué,St. Joseph Catholic High School,Huntington,West Virginia,United States
34532A,Math,Dragon Robotics,PINECREST GLADES PREPARATORY ACADEMY MIDDLE HIGH SCHOOL,Miami,Florida,United States
34532B,Technology,Dragon Robotics,PINECREST GLADES PREPARATORY ACADEMY MIDDLE HIGH SCHOOL,Miami,Florida,United States
35993A,Science,The Rockys 1,IGS Rockenhausen,Rockenhausen,Rheinland-Pfalz,Germany
36010E,Engineering,MCSHS 3,QSITE FNQ Mountain Creek SHS,Manunda,,Australia
36620E,Arts,Foam Flingers,UNITY CHRISTIAN HIGH SCHOOL,HUDSONVILLE,Michigan,United States
36708F,Innovate,Maker Must,Independent Team,İstanbul,,Türkiye
36817B,Spirit,TASIS Tigers 2,The American School In Switzerland (TASIS),Montagnola,Tessin,Switzerland
36830C,Design,Duck,AUBURN HIGH SCHOOL,Auburn,Alabama,United States
36905X,Research,Cyber Nuts Robotics,Cyber Nuts Robotics,Kansas City,Missouri,United States
37334A,Opportunity,Lincoln County Robotics - 37334A,LINCOLN COUNTY HIGH SCHOOL,Fayetteville,Tennessee,United States
37568A,Math,IESTPREPA,INSTITUTO DE ESTUDIOS SUPERIORES DE TAMAULIPAS,Altamira,Tamaulipas,Mexico
38053A,Technology,Last Minute Fix,OAKLAND CHRISTIAN SCHOOL,Auburn Hills,Michigan,United States
38053D,Science,Just Bend It!,OAKLAND CHRISTIAN SCHOOL,Auburn Hills,Michigan,United States
38141B,Engineering,PiBotics B,Ignite Institute,Erlanger,Kentucky,United States
39599A,Arts,WHS Warriors,WINTERS HIGH,Winters,California,United States
39702C,Innovate,New Hope Robotics,NEW HOPE,Columbus,Mississippi,United States
39792A,Spirit,Alpha Aviators,ACADEMY FOR INTERNATIONAL EDUCATION CHARTER SCHOOL,Miami Springs,Florida,United States
40684C,Design,Delta Males,NAPOLEON HIGH SCHOOL,Napoleon,Michigan,United States
41076A,Research,Camel Bots,CAMPBELL COUNTY HIGH SCHOOL,Alexandria,Kentucky,United States
41103A,Opportunity,Next Gen,Pedare Christian College,Golden Grove,,Australia
41870A,Math,Red Bull,MOUNT VERNON HIGH SCHOOL,Mt Vernon,Illinois,United States
41870B,Technology,The Shaq's,MOUNT VERNON HIGH SCHOOL,Mt Vernon,Illinois,United States
41998B,Science,Everything Hertz,VALE HIGH SCHOOL,Vale,Oregon,United States
41998X,Engineering,Goldfish don't bounce,Vale High School,Vale,Oregon,United States
42700E,Arts,Echelon,42700,Honolulu,Hawaii,United States
42700X,Innovate,X-Factor,42700,Honolulu,Hawaii,United States
43983A,Spirit,SCHS O.N.E.,SOUTH CHARLESTON HIGH SCHOOL,South Charleston,West Virginia,United States
44244M,Design,Modulo,Mukilteo Robotics,Mukilteo,Washington,United States
44252A,Research,Titanium,LEXINGTON TECHNOLOGY CENTER,Lexington,South Carolina,United States
44448D,Opportunity,Matrix,St Andrews International School Bangkok,"Phra Khanong, Bangkok",,Thailand
44691R,Math,Gold Rush,WOOSTER HIGH SCHOOL,Wooster,Ohio,United States
44777U,Technology,DiscoBotZ,DiscoBotZ Robotics,Redmond,Washington,United States
45009S,Science,Turbo,YOUNG WOMEN'S LEADERSHIP ACADEMY,El Paso,Texas,United States
45250J,Engineering,Renaissance Robotics,Renaissance Robotics,St. Thomas,Ontario,Canada
46131B,Arts,Barker Redbacks,Barker College,Hornsby,,Australia
46140A,Innovate,JAAGO Robotics,JAAGO Foundation,Dhaka,,Bangladesh
47800A,Spirit,AVIATION ROBOTICS,COMPASS PUBLIC CHARTER SCHOOL,Meridian,Idaho,United States
47969A,Design,Big Brains,PIKE ROAD HIGH SCHOOL,Pike Road,Alabama,United States
48321J,Research,Raudales Malpaso 13,CECyTE CHIAPAS,Tuxtla Gutiérrez,Chiapas,Mexico
48321K,Opportunity,Jesús María Garza 14,CECyTE CHIAPAS,Tuxtla Gutiérrez,Chiapas,Mexico
48425A,Math,ROBOSheen,ROBOSheen Robotics,Lexington,Massachusetts,United States
48778C,Technology,Twinkle Wheels,NAVAJO PREPARATORY SCHOOL,Farmington,New Mexico,United States
49081X,Science,ASMSA,"Arkansas School for the Mathematics, Sciences, and the Arts",Hot Springs,Arkansas,United States
49637A,Engineering,Mcfarland Robotics,Mcfarland High School,McFarland,California,United States
50075A,Arts,Oak Hill Robotics,OAK HILL HIGH SCHOOL,Converse,Indiana,United States
50421A,Innovate,Rogue 1,"Summit City Robotics, Inc.",Fort Wayne,Indiana,United States
50548X,Spirit,Heavy Metal,,Albuquerque,New Mexico,United States
50810C,Design,DON’T STEP!,CITY/PEMBROKE PINES CHARTER HIGH SCHOOL,Pembroke Pines,Florida,United States
50810E,Research,The Department of Microwave Repair,CITY/PEMBROKE PINES CHARTER HIGH SCHOOL,Pembroke Pines,Florida,United States
51581E,Opportunity,Syntax Error,The Dalles High School,The Dalles,Oregon,United States
51581S,Math,System Overload,The Dalles High School,The Dalles,Oregon,United States
51617A,Technology,The Hidden Gems,ROSE BUD HIGH SCHOOL,Rose Bud,Arkansas,United States
51777H,Science,Aviation Nerds,Private Team,Redmond,Washington,United States
52455A,Engineering,Hyper Resolution,Beaufort High,Beaufort,South Carolina,United States
53073N,Arts,The Jawas,Northwest High School,Opelousas,Louisiana,United States
53171A,Innovate,Cheese,Shoreland Lutheran High School,Kenosha,Wisconsin,United States
53171E,Spirit,The Aliens,Shoreland Lutheran High School,Kenosha,Wisconsin,United States
54001R,Design,西安铁一中国际部,Xi'an TieYi HS,Xi'an,Shaanxi,China
54001Z,Research,西安市铁一中学-Z队,Xi'an TieYi HS,Xi'an,Shaanxi,China
54189J,Opportunity,Ulink VEX A,领科教育上海校区,上海,Shanghai,China
54189K,Math,Ulink VEX B,领科教育上海校区,上海,Shanghai,China
55547A,Technology,UAE-ESE Tigers,emirates schools establishment,Dubai,,United Arab Emirates
55645X,Science,ARSENAL,ARSENAL ROBOTICS,Jericho,New York,United States
55655A,Engineering,UAE-ESE RAI1,Emirates Schools Establishment,Dubai,,United Arab Emirates
55692B,Arts,Alpha Entity,Young Engineers Uganda,kampala,,Uganda
55885K,Innovate,KRONOS,LA CUEVA HIGH,Albuqerque,New Mexico,United States
57249A,Spirit,Raptor Robotics - Goose,Ravenwood High School,Brentwood,Tennessee,United States
57249C,Design,Raptor Robotics - Maverick,Ravenwood High School,Brentwood,Tennessee,United States
57249D,Research,Raptor Robotics - The Professionals,Ravenwood High School,Brentwood,Tennessee,United States
57316A,Opportunity,Kids In Technology Team 2,Kids In Technology,Brikama,,Gambia
57711X,Math,Rocky,Alchemy Global STEM Institute,Morristown,Tennessee,United States
59001A,Technology,TFL Robotics,Tekirdağ Ebru Nayim Fen Lisesi,Tekirdağ,,Türkiye
60441A,Science,Error Error,LOCKPORT TOWNSHIP HIGH SCH EAST,Lockport,Illinois,United States
60441B,Engineering,Tragedy,LOCKPORT TOWNSHIP HIGH SCH EAST,Lockport,Illinois,United States
60470B,Arts,Reboot,Innovation Center,Longmont,Colorado,United States
60883W,Innovate,Double U,AKRON STEM HIGH SCHOOL,Akron,Ohio,United States
60883X,Spirit,Spoon!?,AKRON STEM HIGH SCHOOL,Akron,Ohio,United States
60924A,Design,CLUB SBL-SEED ESC. SEC. TECNICA 11 HS VRC,Dowell Schlumberger de México,Villahermosa,Tabasco,Mexico
61002G,Research,Pew Pew IQ,Ellensburg Robotics Club,Ellensburg,Washington,United States
61114S,Opportunity,GCGS-S,Guangzhou Huangpu Children's Palace,Guangzhou,Guangdong,China
61391W,Math,Valor Wildcats - MAKE GO,Valor Voyager Academy,Nashville,Tennessee,United States
62449A,Technology,MSMS Blue Waves,The MISSISSIPPI SCHOOL FOR MATH AND SCIENCE,Columbus,Mississippi,United States
62449B,Science,MSMS Blue Waves,The MISSISSIPPI SCHOOL FOR MATH AND SCIENCE,Columbus,Mississippi,United States
62629W,Engineering,Iron Patriots Mk. 1,WHEELING PARK HIGH SCHOOL,Wheeling,West Virginia,United States
62629Y,Arts,Iron Patriots Mk. 3,WHEELING PARK HIGH SCHOOL,Wheeling,West Virginia,United States
62629Z,Innovate,Iron Patriots Mk. 4,WHEELING PARK HIGH SCHOOL,Wheeling,West Virginia,United States
63031A,Spirit,R&D,Vallivue High School,CALDWELL,Idaho,United States
63031C,Design,Kappa Sigma Kappa,Vallivue High School,CALDWELL,Idaho,United States
63600C,Research,GRCHS July,GRAND RAPIDS CHRISTIAN HIGH SCHOOL,Grand Rapids,Michigan,United States
63857D,Opportunity,Out of Stock,Mashpee High School,Mashpee,Massachusetts,United States
63857E,Math,The Aviators,Mashpee High School,Mashpee,Massachusetts,United States
63936B,Technology,Lingnan B,"Lingnan Middle School, Macau",Macau,,Macau
64040A,Science,Lake George Warriors,LAKE GEORGE High School,Lake George,New York,United States
64040B,Engineering,Lake George Warriors,LAKE GEORGE High School,Lake George,New York,United States
64040C,Arts,Lake George Warriors,Lake George Junior-senior High School,LAKE GEORGE,New York,United States
64846A,Innovate,Cibola Robotics,CIBOLA HIGH,Albuquerque,New Mexico,United States
64846B,Spirit,Cibola Robotics,CIBOLA HIGH,Albuquerque,New Mexico,United States
66475C,Design,Ex Machina,Private,Redmond,Washington,United States
66655A,Research,Roundabout,Dr.player Robotic Lab . Caotun,Nantou County,,Taiwan
66659A,Opportunity,Vexington,Lexington High School,Lexington,Massachusetts,United States
66799A,Math,AST-onishing A,American School in Taichung,Taichung,,Taiwan
66799G,Technology,AST-onishing G,American School in Taichung,Taichung,,Taiwan
67002B,Science,2B-Determined,Northwest Career And Technical Academy,Las Vegas,Nevada,United States
67101C,Engineering,Centrifuge,Maize Career Academy,Maize,Kansas,United States
67101R,Arts,Helix,Maize Career Academy,Maize,Kansas,United States
67101X,Innovate,Unhinged,Maize Career Academy,Maize,Kansas,United States
69996W,Spirit,WE,ROBOTIC LAB,Taichung City,,Taiwan
69999A,Design,南江高中部一队,南京师范大学附属中学江宁分校,南京,Jiangsu,China
70216X,Research,GCGS-X,GCGS,Guangzhou,Guangdong,China
70291A,Opportunity,RUSTEZE,Commerce High School,Commerce,Texas,United States
70291D,Math,L Drago,Commerce High School,Commerce,Texas,United States
70291E,Technology,Reinvented Steel,Commerce High School,Commerce,Texas,United States
70325F,Science,FENIX,TELECENTROS TIGO,GUARAMBARE,,Paraguay
70407R,Engineering,Refraction,Meahagh Robotics,Buchanan,New York,United States
70700X,Arts,Kaibotics,Kaibotics Robotics,Panama city,,Panama
71414A,Innovate,ATOM13,PIERCE JR/SR HIGH SCHOOL,Pierce,Nebraska,United States
71811N,Spirit,Northview VEX,NORTHVIEW HIGH SCHOOL,Johns Creek,Georgia,United States
71811X,Design,XUE HUA PIAO PIAO（雪花飘飘）,NORTHVIEW HIGH SCHOOL,Johns Creek,Georgia,United States
71832P,Research,Riders,Academia Robotica Pueblo,Asuncion,,Paraguay
71909R,Opportunity,TESLA MODEL R,Baton Rouge Magnet High School,Baton Rouge,Louisiana,United States
71909X,Math,TESLA MODEL X,Baton Rouge Magnet High School,Baton Rouge,Louisiana,United States
71909Z,Technology,TESLA MODEL 3,Baton Rouge Magnet High School,Baton Rouge,Louisiana,United States
73335T,Science,INDEED,Dr.Player Robotics Lab,Taichung,,Taiwan
74100A,Engineering,V0!D,CONCORDIA JR/SR HIGH SCHOOL,Omaha,Nebraska,United States
74177M,Arts,mid,Pinecrest Academy Sloan Canyon,Henderson,Nevada,United States
74602A,Innovate,DCHS - Crimson,Daviess County High School,Owensboro,Kentucky,United States
74762A,Spirit,Lucky Ducky,Horizon High School,EL PASO,Texas,United States
74947E,Design,Fenix,Ecole Secondaire Massey-Vanier,Cowansville,Quebec,Canada
75503S,Research,Brandon,PLEASANT GROVE HIGH SCHOOL,Texarkana,Texas,United States
76209R,Opportunity,Raccoons,Saigon South International School,Ho Chi Minh City,,Vietnam
76290C,Math,Kuwait Team (MoE),Gulf University for Science and Technology,Mubarak Al Abdullah,,Kuwait
76427A,Technology,Bryson 1,BRYSON SCHOOL,Bryson,Texas,United States
76767R,Science,RoboGearheads,RoboGearheads,Cary,North Carolina,United States
76892A,Engineering,Unstable Unicorns,Sayre High School,Sayre,Oklahoma,United States
77000X,Arts,RoboKodas,RoboKodas Robotics Club,Jefferson,South Dakota,United States
77275A,Innovate,Axon,Spark Academy of Advanced Technologies,Manchester,New Hampshire,United States
77275B,Spirit,Bickering Badgers,Spark Academy of Advanced Technologies,Manchester,New Hampshire,United States
77353A,Design,EQUIPO 1,CECYTE MICHOACAN,MORELIA,Michoacán,Mexico
77787B,Research,World Controller,SVRA,Dublin,California,United States
77789A,Opportunity,F1,Futurum Academy,Singapore,,Singapore
78116A,Math,The NonRoutineMachines,Haberdashers' Boys' School,Hertfordshire,,United Kingdom
78345B,Technology,GRAVITY BOTS,Institución Educativa Juan Luis Londoño de la Cuesta,Mosquera - Cundinamarca,,Colombia
78792E,Science,Mount Academy Eagles E,The Mount Academy,Esopus,New York,United States
79163D,Engineering,Super Omega Team,North Clarion Co Jshs,Tionesta,Pennsylvania,United States
79163F,Arts,In a Pickle,North Clarion Co Jshs,Tionesta,Pennsylvania,United States
79267A,Innovate,Swamp Bots,River Bluff High School,Lexington,South Carolina,United States
80001B,Spirit,Double Play,Double Play,Piedmont,California,United States
80208K,Design,Ka-Chow,Rock Ridge High School,Dulles,Virginia,United States
80208X,Research,That's Dangerous,Rock Ridge High School,Dulles,Virginia,United States
80708Y,Opportunity,Exobits,Exobytes,Montclair,Virginia,United States
81011X,Math,SUPER BEAR,天津市赛思机器人俱乐部,Tianjin,Tianjin,China
81208X,Technology,LeRoi Robotics,LeRoi Robotics,Markham,Ontario,Canada
81218D,Science,Ddeokbokkis,Loveless Academic Magnet Prog High School,Montgomery,Alabama,United States
81218E,Engineering,I am proud to be a DingDong,Loveless Academic Magnet Prog High School,Montgomery,Alabama,United States
81218J,Arts,StoMos,Loveless Academic Magnet Prog High School,Montgomery,Alabama,United States
81218N,Innovate,47s,Loveless Academic Magnet Prog High School,Montgomery,Alabama,United States
81218S,Spirit,Goofuses,Loveless Academic Magnet Prog High School,Montgomery,Alabama,United States
81785B,Design,Kinsale Community School 2,KINSALE COMMUNITY SCHOOL,CO. CORK,,Ireland
81785G,Research,Kinsale Community School 1,KINSALE COMMUNITY SCHOOL,CO. CORK,,Ireland
81988D,Opportunity,Modern Crusaders,上海市虹口区青少年活动中心Shanghai Hongkou District Teenagers Activity Center,上海Shanghai,Shanghai,China
81988E,Math,Extropy,上海市虹口区青少年活动中心Shanghai Hongkou District Teenagers Activity Center,上海Shanghai,Shanghai,China
82718D,Technology,Unite-ED,THUNDER BASIN HIGH SCHOOL,Gillette,Wyoming,United States
82855S,Science,STL Supernova,St. Theresa of Lisieux C.H.S.,Richmond Hill,Ontario,Canada
82855T,Engineering,STL Talos,St. Theresa of Lisieux C.H.S.,Richmond Hill,Ontario,Canada
82855X,Arts,STL Breaking Bots,St. Theresa of Lisieux C.H.S.,Richmond Hill,Ontario,Canada
82912A,Innovate,Matrix,Community Team,Higginson,Arkansas,United States
82997A,Spirit,Horsepower,MONTINI CATHOLIC HIGH SCHOOL,Lombard,Illinois,United States
84260G,Design,Kobra,Cabot High School,CABOT,Arkansas,United States
84294A,Research,NDS Voyageurs,Notre Dame du Sault,Sault Ste. Marie,Ontario,Canada
84899A,Opportunity,Allen,Radley College,Abingdon,,United Kingdom
85142Z,Math,Geared UP,QCRF,Queen Creek,Arizona,United States
85843A,Technology,tECH,EAST CENTRAL HIGH SCHOOL,Moss Point,Mississippi,United States
87867C,Science,Galaxy,AIRobotics Academy LLC,Plano,Texas,United States
87867D,Engineering,Edison,AI & Robotics Academy LLC,Plano,Texas,United States
87867V,Arts,Velocity,AI & Robotics Academy LLC,Plano,Texas,United States
88880X,Innovate,Ex Machina,Rock Ridge HS,Broadlands,Virginia,United States
88909A,Spirit,88909A,88909,Palo Alto,California,United States
88909X,Design,VarX,88909,Palo Alto,California,United States
89040B,Research,Dread Pirates,MOAPA VALLEY HIGH SCHOOL,Overton,Nevada,United States
89227A,Opportunity,Panther Robotics,RIDGELAND HIGH SCHOOL,Rossville,Georgia,United States
90241B,Math,Warren Warbots B,WARREN HIGH,Downey,California,United States
90241T,Technology,Warren WarBots T,WARREN HIGH,Downey,California,United States
91142A,Science,Titans,BEAVER LOCAL HIGH SCHOOL,East Liverpool,Ohio,United States
91825A,Engineering,Ikeba,BARTLESVILLE HIGH SCHOOL,Bartlesville,Oklahoma,United States
93303M,Arts,Questionable Success,Monmouth Academy,Monmouth,Maine,United States
93644E,Innovate,RQ-Sharjah VRC1,Rubu Qarn,Sharjah,,United Arab Emirates
93644F,Spirit,RQ-Sharjah VRC2,Rubu Qarn,Sharjah,,United Arab Emirates
95071V,Design,Saratoga High,SARATOGA HIGH,Saratoga,California,United States
95071X,Research,Saratoga High,SARATOGA HIGH,Saratoga,California,United States
96138A,Opportunity,Flying Falcons,MONROE TOWNSHIP HIGH SCHOOL,Monroe Township,New Jersey,United States
96504C,Math,Exotek,Brentwood High School,Brentwood,Tennessee,United States
96504D,Technology,The Mad Scientists,Brentwood High School,Brentwood,Tennessee,United States
96671A,Science,Big Cheese,RED RIVER HIGH SCHOOL,Grand Forks,North Dakota,United States
96671B,Engineering,Complex Anthropomorphic Gorilla,RED RIVER HIGH SCHOOL,Grand Forks,North Dakota,United States
96671R,Arts,The Lost Rocks,RED RIVER HIGH SCHOOL,Grand Forks,North Dakota,United States
96789Z,Innovate,Mililani Mechs,Mililani Mechs Robotics,Mililani,Hawaii,United States
96969Y,Spirit,PAS1,Pacific American School,"Zhubei, Hsinchu County",,Taiwan
97101W,Design,Thing 2,AMERICAN HIGH,Fremont,California,United States
97140A,Research,Kennedy Gaels,Kennedy Catholic Preparatory School,Somers,New York,United States
97140B,Opportunity,Kennedy Gaels Too,Kennedy Catholic Preparatory School,Somers,New York,United States
97385A,Math,Team Ragnarok,Queen Creek Community Robotics,Queen Creek,Arizona,United States
97673R,Technology,CECYT No.11 CD.DEL CONOCI 2,CECYTE Chihuahua,Chihuahua,Chihuahua,Mexico
97673W,Science,CECYT No.11 CD. DEL CONOC 1,CECYTE Chihuahua Plantel 11,Chihuahua,Chihuahua,Mexico
97673Z,Engineering,CECYT No.11 CD. DEL CONOC,CECYTE Chihuahua,Chihuahua,Chihuahua,Mexico
97735X,Arts,Techno Crankers,L & B’s Garage Robotics,Harrisburg,North Carolina,United States
97834C,Innovate,OIA- Event Horizon,Owensboro Innovation Academy,Owensboro,Kentucky,United States
97934S,Spirit,RoboPanthers - Out of Stock,FRANKLIN ROAD ACADEMY,Nashville,Tennessee,United States
97934V,Design,RoboPanthers - Kirkland Signature,FRANKLIN ROAD ACADEMY,Nashville,Tennessee,United States
97959D,Research,Alpha Entity,BOWIE HIGH SCHOOL,Austin,Texas,United States
98052A,Opportunity,Orion,Future Labs,Redmond,Washington,United States
98377G,Math,Tigris ex Machina VII,TECHNICAL SENIOR HIGH,St. Cloud,Minnesota,United States
98548E,Technology,Explosive Engineers,Bear River High School,Garland,Utah,United States
98549W,Science,Burnsview Griffins,Burnsview Secondary,Delta,British Columbia,Canada
98709X,Engineering,Shirebots,DAYSPRING ACADEMY,Greenbrier,Tennessee,United States
98927B,Arts,Mountaineers,Ephrata Senior High School,Ephrata,Pennsylvania,United States
99040B,Innovate,Vestavia Team B,VESTAVIA HILLS HIGH SCHOOL,Vestavia Hills,Alabama,United States
99060K,Spirit,Westminster Knights,WESTMINSTER SCHOOL AT OAK MOUNTAIN,Birmingham,Alabama,United States
99067B,Design,Nano Jagwires,DESERT RIDGE HIGH,Mesa,Arizona,United States
99153A,Research,CECYT No. 14 VILLA ESPERANZA,CECYTE Chihuahua No. 14 Villa Esperanza,Ciudad Juárez,Chihuahua,Mexico
99197A,Opportunity,Poor Design Choices Causing Problems,Bowness High School,Calgary,Alberta,Canada
99319A,Math,Four Horsemen,PRINCETON HIGH SCHOOL,Princeton,Minnesota,United States
99484A,Technology,DOXA Robotics,Christian Academy in Japan,Tokyo,,Japan
99588X,Science,Checkmate,PIA Tech Leagues,Great Neck,New York,United States
99751F,Engineering,FrostByte,Colorado Early College Fort Collins,FORT COLLINS,Colorado,United States
99751Z,Arts,C--,Colorado Early College Fort Collins,FORT COLLINS,Colorado,United States
99871A,Innovate,CCCP CN,TEDU BEIJING TCTM,Beijing,Beijing,China
99904B,Spirit,Boogie Woogie,NEW PALESTINE HIGH SCHOOL,New Palestine,Indiana,United States
99904W,Design,Wooosh,NEW PALESTINE HIGH SCHOOL,New Palestine,Indiana,United States
99904X,Research,X3V,NEW PALESTINE HIGH SCHOOL,New Palestine,Indiana,United States
99921B,Opportunity,To Bee Determined,CHESAPEAKE HIGH SCHOOL,Chesapeake,West Virginia,United States
99966X,Math,Aquatic Lawnchairs,Garland HS,Garland,Texas,United States